username,email,country,fname,lname,join_date
clleung,clleung@andrew.cmu.edu,USA,Lisa,Leung,2019-01-22
iya,iya@andrew.cmu.edu,USA,Isaac,Ahn,2018-09-24
abc,abc@andrew.cmu.edu,Canada,abra,cadabra,2020-12-03
mfree,mfree@andrew.cmu.edu,USA,Morgan,Freeman,2018-07-31
jgreen,jgreen@andrew.cmu.edu,Canada,Jon,Greene,2010-04-24
dp,dp@andrew.cmu.edu,USA,David,Perrier,2016-08-10
mstar,mstar@andrew.cmu.edu,USA,Matthew,Star,2019-03-23
edf,clleung@andrew.cmu.edu,USA,eve,edf,2019-01-22
ghi,iya@andrew.cmu.edu,USA,gene,ghi,2018-09-24
jkl,abc@andrew.cmu.edu,Canada,jean,jkl,2020-12-03
mno,mfree@andrew.cmu.edu,USA,mean,mno,2018-07-31
pqr,jgreen@andrew.cmu.edu,Canada,pree,pqr,2010-04-24
stu,dp@andrew.cmu.edu,USA,scree,stu,2016-08-10
vwx,mstar@andrew.cmu.edu,USA,vee,vwx,2019-03-23
yza,mstar@andrew.cmu.edu,USA,yee,yza,2019-03-23
johnd,jdude@andrew.cmu.edu,China,John,Ding,2012-04-15
pm,pmalloch@andrew.cmu.edu,England,Peter,Malloch,2013-06-07
yoyo,yoyo@andrew.cmu.edu,South Korea,Yolanda,Yung,2018-04-20
lol,lalo@andrew.cmu.edu,USA,Laugh,Loud,2020-12-12
lmao,lmao@andrew.cmu.edu,USA,Leonard,Mao,2015-06-01